item_id,short_effect
1,Catches a wild Pokémon every time.
2,Tries to catch a wild Pokémon.  Success rate is 2×.
3,Tries to catch a wild Pokémon.  Success rate is 1.5×.
4,Tries to catch a wild Pokémon.
5,Tries to catch a wild Pokémon in the Great Marsh or Safari Zone.  Success rate is 1.5×.
6,Tries to catch a wild Pokémon.  Success rate is 3× for water and bug Pokémon.
7,"Tries to catch a wild Pokémon. Success rate is 3.5× when underwater, fishing, or surfing."
8,"Tries to catch a wild Pokémon.  Success rate is 3.9× for level 1 Pokémon, and drops steadily to 1× at level 30."
9,Tries to catch a wild Pokémon.  Success rate is 3× for previously-caught Pokémon.
10,"Tries to catch a wild Pokémon. Success rate increases by 0.1× (Gen V: 0.3×) every turn, to a max of 4×."
11,Tries to catch a wild Pokémon.  Caught Pokémon start with 200 happiness.
12,Tries to catch a wild Pokémon.
13,Tries to catch a wild Pokémon.  Success rate is 3.5× at night and in caves.
14,Tries to catch a wild Pokémon.  Caught Pokémon are immediately healed.
15,"Tries to catch a wild Pokémon. Success rate is 4× (Gen V: 5×), but only on the first turn."
16,Tries to catch a wild Pokémon.
17,Restores 20 HP.
18,Cures poison.
19,Cures a burn.
20,Cures freezing.
21,Cures sleep.
22,Cures paralysis.
23,Restores HP to full and cures any status ailment and confusion.
24,Restores HP to full.
25,Restores 200 HP.
26,Restores 50 HP.
27,Cures any status ailment and confusion.
28,Revives with half HP.
29,Revives with full HP.
30,Restores 50 HP.
31,Restores 60 HP.
32,Restores 80 HP.
33,Restores 100 HP.
34,"Restores 50 HP, but lowers happiness."
35,"Restores 200 HP, but lowers happiness."
36,"Cures any status ailment, but lowers happiness."
37,"Revives with full HP, but lowers happiness."
38,Restores 10 PP for one move.
39,Restores PP to full for one move.
40,Restores 10 PP for each move.
41,Restores PP to full for each move.
42,Cures any status ailment and confusion.
43,Restores 20 HP.
44,Revives all fainted Pokémon with full HP.
45,Raises HP effort and happiness.
46,Raises Attack effort and happiness.
47,Raises Defense effort and happiness.
48,Raises Speed effort and happiness.
49,Raises Special Attack effort and happiness.
50,Causes a level-up and raises happiness.
51,Raises a move's max PP by 20%.
52,Raises Special Defense and happiness.
53,Raises a move's max PP by 60%.
54,Cures any status ailment and confusion.
55,Prevents stat changes in battle for five turns in battle.  Raises happiness.
56,Increases the chance of a critical hit in battle.  Raises happiness.
57,Raises Attack by one stage in battle.  Raises happiness.
58,Raises Defense by one stage in battle.  Raises happiness.
59,Raises Speed by one stage in battle.  Raises happiness.
60,Raises accuracy by one stage in battle.  Raises happiness.
61,Raises Special Attack by one stage in battle.  Raises happiness.
62,Raises Special Defense by one stage in battle.  Raises happiness.
63,Ends a wild battle.
64,Ends a wild battle.
65,Cures sleep.
66,Cures confusion.
67,Cures attraction.
68,Halves the wild Pokémon encounter rate.
69,Doubles the wild Pokémon encounter rate.
70,No effect. Gen III: Trade four and four Shoal Shells for a Shell Bell.
71,No effect. Gen III: Trade four and four Shoal Salts for a Shell Bell.
72,No effect. Can be traded for items or moves.
73,No effect. Can be traded for items or moves.
74,No effect. Can be traded for items or moves.
75,No effect. Can be traded for items or moves.
76,"For 200 steps, prevents wild encounters of level lower than your party's lead Pokémon."
77,"For 250 steps, prevents wild encounters of level lower than your party's lead Pokémon."
78,Transports user to the outside entrance of a cave.
79,"For 100 steps, prevents wild encounters of level lower than your party's lead Pokémon."
80,"Evolves a Cottonee into Whimsicott, a Gloom into Bellossom, a Petilil into Lilligant, or a Sunkern into Sunflora."
81,"Evolves a Clefairy into Clefable, a Jigglypuff into Wigglytuff, a Munna into Musharna, a Nidorina into Nidoqueen, a Nidorino into Nidoking, or a Skitty into Delcatty."
82,"Evolves an Eevee into Flareon, a Growlithe into Arcanine, a Pansear into Simisear, or a Vulpix into Ninetales."
83,"Evolves an Eelektrik into Eelektross, an Eevee into Jolteon, or a Pikachu into Raichu."
84,"Evolves an Eevee into Vaporeon, a Lombre into Ludicolo, a Panpour into Simipour, a Poliwhirl into Poliwrath, a Shellder into Cloyster, or a Staryu into Starmie."
85,"Evolves an Exeggcute into Exeggutor, a Gloom into Vileplume, a Nuzleaf into Shiftry, a Pansage into Simisage, or a Weepinbell into Victreebel."
86,"Fire Red and Leaf Green: Trade two for prior Level-up moves. Sell for 250 Pokédollars, or to Hungry Maid for 500 Pokédollars."
87,"Fire Red and Leaf Green: Trade for prior Level-up moves. Sell for 2500 Pokédollars, or to Hungry Maid for 5000 Pokédollars."
88,"Sell for 700 Pokédollars, or to Ore Collector for 1400 Pokédollars."
89,"Sell for 3750 Pokédollars, or to Ore Collector for 7500 Pokédollars."
90,"Sell for 1000 Pokédollars, or to Ore Collector for 2000 Pokédollars."
91,"Platinum: Trade for one of each color Shard. Black and White: Trade for PP Up. Sell for 4900 Pokédollars, or to Ore Collector for 9800 Pokédollars."
92,"Sell for 5000 Pokédollars, or to Ore Collector for 10000 Pokédollars."
93,No effect. Can be traded for prior Level-up moves.
94,
95,"Growing time of berries is reduced, but the soil dries out faster."
96,"Growing time of berries is increased, but the soil dries out slower."
97,Berries stay on the plant for longer than their usual time.
98,Berries regrow from dead plants an increased number of times.
99,Can be revived into a Lileep.
100,Can be revived into an Anorith.
101,Can be revived into an Omanyte.
102,Can be revived into a Kabuto.
103,Can be revived into an Aerodactyl.
104,Can be revived into a Shieldon.
105,Can be revived into a Cranidos.
106,"Sell for 5000 Pokédollars, or to Bone Man for 10000 Pokédollars."
107,"Evolves a Minccino into Cinccino, a Roselia into Roserade, or a Togetic into Togekiss."
108,"Evolves a Lampent into Chandelure, a Misdreavus into Mismagius, or a Murkrow into Honchkrow."
109,Evolves a male Kirlia into Gallade or a female Snorunt into Froslass.
110,Level-up during Day on a Happiny: Holder evolves into Chansey.
111,Use on the tower on Route 209 to encounter Spiritomb if you have at least 32 Underground greetings.
112,Boosts the damage from Dialga's Dragon-type and Steel-type moves by 20%.
113,Boosts the damage from Palkia's Dragon-type and Water-type moves by 20%.
114,Lets a Trainer write a message and send it via Pokémon trade.
115,Lets a Trainer write a message and send it via Pokémon trade.
116,Lets a Trainer write a message and send it via Pokémon trade.
117,Lets a Trainer write a message and send it via Pokémon trade.
118,Lets a Trainer write a message and send it via Pokémon trade.
119,Lets a Trainer write a message and send it via Pokémon trade.
120,Lets a Trainer write a message and send it via Pokémon trade.
121,Lets a Trainer write a message and send it via Pokémon trade.
122,Lets a Trainer write a message and send it via Pokémon trade.
123,Lets a Trainer write a message and send it via Pokémon trade.
124,Lets a Trainer write a message and send it via Pokémon trade.
125,Lets a Trainer write a message and send it via Pokémon trade.
126,Held: Consumed when paralyzed to cure paralysis.
127,Held: Consumed when asleep to cure sleep.
128,Held: Consumed when poisoned to cure poison.
129,Held: Consumed when burned to cure a burn.
130,Held: Consumed when frozen to cure frozen.
131,Held: Consumed when a move runs out of PP to restore its PP by 10.
132,Held: Consumed at 1/2 max HP to recover 10 HP.
133,Held: Consumed when confused to cure confusion.
134,Held: Consumed to cure any status condition or confusion.
135,Held: Consumed at 1/2 max HP to recover 1/4 max HP.
136,Held: Consumed at 1/2 max HP to restore 1/8 max HP. Confuses Pokémon that dislike spicy flavor.
137,Held: Consumed at 1/2 max HP to restore 1/8 max HP. Confuses Pokémon that dislike dry flavor.
138,Held: Consumed at 1/2 max HP to restore 1/8 max HP. Confuses Pokémon that dislike sweet flavor.
139,Held: Consumed at 1/2 max HP to restore 1/8 max HP. Confuses Pokémon that dislike bitter flavor.
140,Held: Consumed at 1/2 max HP to restore 1/8 max HP. Confuses Pokémon that dislike sour flavor.
141,Used for creating PokéBlocks and Poffins.
142,Used for creating PokéBlocks and Poffins.
143,Used for creating PokéBlocks and Poffins.
144,Used for creating PokéBlocks and Poffins.
145,Used for creating PokéBlocks and Poffins.
146,Drops HP Effort Values by 10 and raises happiness.
147,Drops Attack Effort Values by 10 and raises happiness.
148,Drops Defense Effort Values by 10 and raises happiness.
149,Drops Special Attack Effort Values by 10 and raises happiness.
150,Drops Special Defense Effort Values by 10 and raises happiness.
151,Drops Speed Effort Values by 10 and raises happiness.
152,Used for creating PokéBlocks and Poffins.
153,Used for creating PokéBlocks and Poffins.
154,Used for creating PokéBlocks and Poffins.
155,Used for creating PokéBlocks and Poffins.
156,Used for creating PokéBlocks and Poffins.
157,Used for creating PokéBlocks and Poffins.
158,Used for creating PokéBlocks and Poffins.
159,Used for creating PokéBlocks and Poffins.
160,Used for creating PokéBlocks and Poffins.
161,Held: Consumed when struck by a super-effective Fire-type attack to halve the damage.
162,Held: Consumed when struck by a super-effective Water-type attack to halve the damage.
163,Held: Consumed when struck by a super-effective Electric-type attack to halve the damage.
164,Held: Consumed when struck by a super-effective Grass-type attack to halve the damage.
165,Held: Consumed when struck by a super-effective Ice-type attack to halve the damage.
166,Held: Consumed when struck by a super-effective Fighting-type attack to halve the damage.
167,Held: Consumed when struck by a super-effective Poison-type attack to halve the damage.
168,Held: Consumed when struck by a super-effective Ground-type attack to halve the damage.
169,Held: Consumed when struck by a super-effective Flying-type attack to halve the damage.
170,Held: Consumed when struck by a super-effective Psychic-type attack to halve the damage.
171,Held: Consumed when struck by a super-effective Bug-type attack to halve the damage.
172,Held: Consumed when struck by a super-effective Rock-type attack to halve the damage.
173,Held: Consumed when struck by a super-effective Ghost-type attack to halve the damage.
174,Held: Consumed when struck by a super-effective Dragon-type attack to halve the damage.
175,Held: Consumed when struck by a super-effective Dark-type attack to halve the damage.
176,Held: Consumed when struck by a super-effective Steel-type attack to halve the damage.
177,Held: Consumed when struck by a Normal-type attack to halve the damage.
178,Held: Consumed at 1/4 max HP to boost Attack.
179,Held: Consumed at 1/4 max HP to boost Defense.
180,Held: Consumed at 1/4 max HP to boost Speed.
181,Held: Consumed at 1/4 max HP to boost Special Attack.
182,Held: Consumed at 1/4 max HP to boost Special Defense.
183,Held: Consumed at 1/4 max HP to boost critical hit ratio by two stages.
184,Held: Consumed at 1/4 max HP to boost a random stat by two stages.
185,Held: Consumed when struck by a super-effective attack to restore 1/4 max HP.
186,Held: Consumed at 1/4 max HP to boost accuracy of next move by 20%. (Gen IV: Perfect accuracy)
187,Held: Consumed at 1/4 max HP when using a move to go first.
188,Held: Consumed to deal 1/8 attacker's max HP when holder is struck by a physical attack.
189,Held: Consumed to deal 1/8 attacker's max HP when holder is struck by a special attack.
190,Held: Increases the holder's evasion by 1/9 (11 1/9%).
191,Held: Resets all lowered stats to normal at end of turn. Consumed after use.
192,"Held: Holder gains double effort values from battles, but has halved Speed in battle."
193,Held: Half the experience from a battle is split between Pokémon holding this item.
194,Held: Holder has a 3/16 (18.75%) chance to move first.
195,Held: Doubles the happiness earned by the holder.
196,"Held: Consumed to cure infatuation. Gen V: Also removes Taunt, Encore, Torment, Disable, and Cursed Body."
197,"Held: Increases Attack by 50%, but restricts the holder to only one move."
198,Held: Damaging moves gain a 10% chance to make their target flinch. Traded on a Poliwhirl: Holder evolves into Politoed. Traded on a Slowpoke: Holder evolves into Slowking.
199,Held: Bug-Type moves from holder do 20% more damage.
200,Held: Doubles the money earned from a battle. Does not stack with Luck Incense.
201,Prevents wild encounters of level lower than your party's lead Pokémon.
202,Raises Latias and Latios's Special Attack and Special Defense by 50%.
203,Doubles Clamperl's Special Attack. Traded on a Clamperl: Holder evolves into Huntail.
204,Doubles Clamperl's Special Defense. Traded on a Clamperl: Holder evolves into Gorebyss.
205,Held: Allows the Holder to escape from any wild battle.
206,Held: Prevents level-based evolution from occuring.
207,Held: Holder has 10% chance to survive attacks or self-inflicted damage at 1 HP.
208,Held: Increases EXP earned in battle by 50%.
209,Held: Raises the holder's critical hit ratio by one stage.
210,Held: Steel-Type moves from holder do 20% more damage.
211,Held: Restores 1/16 (6.25%) holder's max HP at the end of each turn.
212,Traded on a Seadra: Holder evolves into Kingdra.
213,Doubles Pikachu's Attack and Special Attack. Breed on Pikachu or Raichu: Pichu Egg will have Volt Tackle.
214,Held: Ground-Type moves from holder do 20% more damage.
215,Held: Rock-Type moves from holder do 20% more damage.
216,Held: Grass-Type moves from holder do 20% more damage.
217,Held: Dark-Type moves from holder do 20% more damage.
218,Held: Fighting-Type moves from holder do 20% more damage.
219,Held: Electric-Type moves from holder do 20% more damage.
220,Held: Water-Type moves from holder do 20% more damage.
221,Held: Flying-Type moves from holder do 20% more damage.
222,Held: Poison-Type moves from holder do 20% more damage.
223,Held: Ice-Type moves from holder do 20% more damage.
224,Held: Ghost-Type moves from holder do 20% more damage.
225,Held: Psychic-Type moves from holder do 20% more damage.
226,Held: Fire-Type moves from holder do 20% more damage.
227,Held: Dragon-Type moves from holder do 20% more damage.
228,Held: Normal-Type moves from holder do 20% more damage.
229,Traded on a Porygon: Holder evolves into Porygon2.
230,Held: Holder receives 1/8 of the damage it deals when attacking.
231,Held: Water-Type moves from holder do 20% more damage. Breeding: Marill or Azumarill beget an Azurill Egg.
232,Held: Holder's evasion is increased by 5%. Breeding: Wobbuffet begets a Wynaut Egg.
233,Raises Chansey's critical hit ratio by two stages.
234,Raises Ditto's Defense and Special Defense by 50%. The boost is lost after transforming.
235,Doubles Cubone or Marowak's Attack.
236,Raises Farfetch'd's critical hit ratio by two stages.
237,Raises the holder's Coolness while in a contest.
238,Raises the holder's Beauty while in a contest.
239,Raises the holder's Cuteness while in a contest.
240,Raises the holder's Smartness while in a contest.
241,Raises the holder's Toughness while in a contest.
242,Held: Provides a 1/10 (10%) boost in accuracy to the holder.
243,Held: Boosts the damage of physical moves used by the holder by 10%.
244,Held: Boosts the damage of special moves used by the holder by 1/10 (10%).
245,Held: Holder's Super Effective moves do 20% extra damage.
246,Held: Light Screen and Reflect used by the holder last 8 rounds instead of 5.
247,"Held: Holder's moves inflict 30% extra damage, but cost 10% max HP."
248,Held: Both turns of a two-turn charge move happen at once. Consumed upon use.
249,Held: Inflicts Toxic on the holder at the end of the turn. Activates after Poison damage would occur.
250,Held: Inflicts Burn on the holder at the end of the turn. Activates after Burn damage would occur.
251,Doubles Ditto's Speed when held. The boost is lost after transforming.
252,"Held: Holder survives any single-hit attack at 1 HP if at max HP, then the item is consumed."
253,Held: Provides a 1/5 (20%) boost in accuracy if the holder moves after the target.
254,Held: Consectutive uses of the same attack have a cumulative damage boost of 10%. Maximum 100% boost.
255,"Held: Holder's Speed is halved. Negates all Ground-type immunities, and makes Flying-types take neutral damage from Ground-type moves. Arena Trap. Spikes, and Toxic Spikes affect the holder."
256,Held: Holder moves last in its priority bracket.
257,Held: Infatuates opposing Pokémon when holder is inflicted with infatuation.
258,Held: Poison-type holder recovers 1/16 (6.25%) max HP each turn. Non-Poison-Types take 1/8 (12.5%) max HP damage.
259,Held: Hail by the holder lasts 8 rounds instead of 5.
260,Held: Sandstorm by the holder lasts 8 rounds instead of 5.
261,Held: Sunny Day by the holder lasts 8 rounds instead of 5.
262,Held: Rain Dance by the holder lasts 8 rounds instead of 5.
263,Held: Holder's multi-turn trapping moves last 5 turns.
264,"Held: Increases Speed by 50%, but restricts the holder to only one move."
265,"Held: Holder takes 1/8 (12.5%) its max HP at the end of each turn. When the holder is hit by a contact move, the attacking Pokémon takes 1/8 its max HP in damage and receive the item if not holding one."
266,"Held: Holder gains 4 Attack effort values, but has halved Speed in battle."
267,"Held: Holder gains 4 Defense effort values, but has halved Speed in battle."
268,"Held: Holder gains 4 Special Attack effort values, but has halved Speed in battle."
269,"Held: Holder gains 4 Special Defense effort values, but has halved Speed in battle."
270,"Held: Holder gains 4 Speed effort values, but has halved Speed in battle."
271,"Held: Holder gains 4 HP effort values, but has halved Speed in battle."
272,Held: Holder can bypass all trapping effects and switch out. Multi-turn moves still cannot be switched out of.
273,"Held: Increases HP recovered from draining moves, Ingrain, and Aqua Ring by 3/10 (30%)."
274,"Held: Increases Special Attack by 50%, but restricts the holder to only one move."
275,Held: Fire-Type moves from holder do 20% more damage. Changes Arceus's and Judgment's type to Fire.
276,Held: Water-Type moves from holder do 20% more damage. Changes Arceus's and Judgment's type to Water.
277,Held: Electric-Type moves from holder do 20% more damage. Changes Arceus's and Judgment's type to Electric.
278,Held: Grass-Type moves from holder do 20% more damage. Changes Arceus's and Judgment's type to Grass.
279,Held: Ice-Type moves from holder do 20% more damage. Changes Arceus's and Judgment's type to Ice.
280,Held: Fighting-Type moves from holder do 20% more damage. Changes Arceus's and Judgment's type to Fighting.
281,Held: Posion-Type moves from holder do 20% more damage. Changes Arceus's and Judgment's type to Posion.
282,Held: Ground-Type moves from holder do 20% more damage. Changes Arceus's and Judgment's type to Ground.
283,Held: Flying-Type moves from holder do 20% more damage. Changes Arceus's and Judgment's type to Flying.
284,Held: Psychic-Type moves from holder do 20% more damage. Changes Arceus's and Judgment's type to Psychic.
285,Held: Bug-Type moves from holder do 20% more damage. Changes Arceus's and Judgment's type to Bug.
286,Held: Rock-Type moves from holder do 20% more damage. Changes Arceus's and Judgment's type to Rock.
287,Held: Ghost-Type moves from holder do 20% more damage. Changes Arceus's and Judgment's type to Ghost.
288,Held: Dragon-Type moves from holder do 20% more damage. Changes Arceus's and Judgment's type to Dragon.
289,Held: Dark-Type moves from holder do 20% more damage. Changes Arceus's and Judgment's type to Dark.
290,Held: Steel-Type moves from holder do 20% more damage. Changes Arceus's and Judgment's type to Steel.
291,Held: Psychic-Type moves from holder do 20% more damage. Breeding: Mr. Mime begets a Mime Jr. Egg.
292,Held: Rock-Type moves from holder do 20% more damage. Breeding: Sudowoodo begets a Bonsly Egg.
293,Held: Holder moves last in its priority bracket. Breeding: Snorlax begets a Munchlax Egg.
294,Held: Water-Type moves from holder do 20% more damage. Breeding: Mantine begets a Mantyke Egg.
295,Held: Grass-Type moves from holder do 20% more damage. Breeding: Roselia or Roserade beget a Budew Egg.
296,Held: Doubles the money earned from a battle. Does not stack with Amulet Coin. Breeding: Chansey and Blissey beget a Happiny Egg.
297,Prevents wild encounters of level lower than your party's lead Pokémon. Breeding: Chimecho begets a Chingling Egg.
298,Traded on a Rhydon: Holder evolves into Rhyperior.
299,Traded on an Electabuzz: Holder evolves into Electivire.
300,Traded on a Magmar: Holder evolves into Magmortar.
301,Traded on a Porygon2: Holder evolves into Porygon-Z.
302,Traded on a Dusclops: Holder evolves into Dusknoir.
303,Held: Raises the holder's critical hit ratio by one stage. Held by a Sneasel while levelling up at night: Holder evolves into Weavile.
304,Held: Damaging moves gain a 10% chance to make their target flinch. Held by a Gligar while levelling up: Holder evolves into Gliscor.
305,Teaches Hone Claws to a compatible Pokémon. (Gen IV & III: Focus Punch Gen II: DynamicPunch Gen I: Mega Punch)
306,Teaches Dragon Claw to a compatible Pokémon. (Gen II: Headbutt Gen I: Razor Wind)
307,Teaches Psyshock to a compatible Pokémon. (Gen IV & III: Water Pulse Gen II: Curse Gen I: Swords Dance)
308,Teaches Calm Mind to a compatible Pokémon. (Gen II: Rollout Gen I: Whirlwind)
309,Teaches Roar to a compatible Pokémon. (Gen I: Mega Kick)
310,Teaches Toxic to a compatible Pokémon.
311,Teaches Hail to a compatible Pokémon. (Gen II: Zap Cannon Gen I: Horn Drill)
312,Teaches Bulk Up to a compatible Pokémon. (Gen II: Rock Smash Gen I: Body Slam)
313,Teaches Venoshock to a compatible Pokémon. (Gen IV & III: Bullet Seed Gen II: Psych Up Gen I: Take Down)
314,Teaches Hidden Power to a compatible Pokémon. (Gen I: Double-Edge)
315,Teaches Sunny Day to a compatible Pokémon. (Gen I: BubbleBeam)
316,Teaches Taunt to a compatible Pokémon. (Gen II: Sweet Scent Gen I: Water Gun)
317,Teaches Ice Beam to a compatible Pokémon. (Gen II: Snore)
318,Teaches Blizzard to a compatible Pokémon.
319,Teaches Hyper Beam to a compatible Pokémon.
320,Teaches Light Screen to a compatible Pokémon. (Gen II: Icy Wind Gen I: Pay Day)
321,Teaches Protect to a compatible Pokémon. (Gen I: Submission)
322,Teaches Rain Dance to a compatible Pokémon. (Gen I: Counter)
323,Teaches Telekinesis to a compatible Pokémon. (Gen IV & III & II: Giga Drain Gen I: Seismic Toss)
324,Teaches Safeguard to a compatible Pokémon. (Gen II: Endure Gen I: Rage)
325,Teaches Frustration to a compatible Pokémon. (Gen I: Mega Drain)
326,Teaches SolarBeam to a compatible Pokémon.
327,Teaches Smack Down to a compatible Pokémon. (Gen IV & III & II: Iron Tail Gen I: Dragon Rage)
328,Teaches Thunderbolt to a compatible Pokémon. (Gen II: DragonBreath)
329,Teaches Thunder to a compatible Pokémon.
330,Teaches Earthquake to a compatible Pokémon.
331,Teaches Return to a compatible Pokémon. (Gen I: Fissure)
332,Teaches Dig to a compatible Pokémon.
333,Teaches Psychic to a compatible Pokémon.
334,Teaches Shadow Ball to a compatible Pokémon. (Gen I: Teleport)
335,Teaches Brick Break to a compatible Pokémon. (Gen II: Mud-Slap Gen I: Mimic)
336,Teaches Double Team to a compatible Pokémon.
337,Teaches Reflect to a compatible Pokémon. (Gen II: Ice Punch)
338,Teaches Sludge Wave to a compatible Pokémon. (Gen IV & III: Shock Wave Gen II: Swagger Gen I: Bide)
339,Teaches Flamethrower to a compatible Pokémon. (Gen II: Sleep Talk Gen I: Metronome)
340,Teaches Sludge Bomb to a compatible Pokémon. (Gen I: Selfdestruct)
341,Teaches Sandstorm to a compatible Pokémon. (Gen I: Egg Bomb)
342,Teaches Fire Blast to a compatible Pokémon.
343,Teaches Rock Tomb to a compatible Pokémon. (Gen II & I: Swift)
344,Teaches Aerial Ace to a compatible Pokémon. (Gen II: Defense Curl Gen I: Skull Bash)
345,Teaches Torment to a compatible Pokémon. (Gen II: ThunderPunch Gen I: Softboiled)
346,Teaches Facade to a compatible Pokémon. (Gen II & I: Dream Eater)
347,Teaches Flame Charge to a compatible Pokémon. (Gen IV & III: Secret Power Gen II: Detect Gen I: Sky Attack)
348,Teaches Rest to a compatible Pokémon.
349,Teaches Attract to a compatible Pokémon. (Gen I: Thunder Wave)
350,Teaches Thief to a compatible Pokémon. (Gen I: Psywave)
351,Teaches Low Sweep to a compatible Pokémon. (Gen IV & III & II: Steel Wing Gen I: Explosion)
352,Teaches Round to a compatible Pokémon. (Gen IV & III: Skill Swap Gen II: Fire Punch Gen I: Rock Slide)
353,Teaches Echoed Voice to a compatible Pokémon. (Gen IV & III: Snatch Gen II: Fury Cutter Gen I: Tri Attack)
354,Teaches Overheat to a compatible Pokémon. (Gen II: Nightmare Gen I: Substitute)
355,Teaches Ally Switch to a compatible Pokémon. (Gen IV: Roost)
356,Teaches Focus Blast to a compatible Pokémon.
357,Teaches Energy Ball to a compatible Pokémon.
358,Teaches False Swipe to a compatible Pokémon.
359,Teaches Scald to a compatible Pokémon. (Gen IV: Brine)
360,Teaches Fling to a compatible Pokémon.
361,Teaches Charge Beam to a compatible Pokémon.
362,Teaches Sky Drop to a compatible Pokémon. (Gen IV: Endure)
363,Teaches Incinerate to a compatible Pokémon. (Gen IV: Dragon Pulse)
364,Teaches Quash to a compatible Pokémon. (Gen IV: Drain Punch)
365,Teaches Will-O-Wisp to a compatible Pokémon.
366,Teaches Acrobatics to a compatible Pokémon. (Gen IV: Silver Wind)
367,Teaches Embargo to a compatible Pokémon.
368,Teaches Explosion to a compatible Pokémon.
369,Teaches Shadow Claw to a compatible Pokémon.
370,Teaches Payback to a compatible Pokémon.
371,Teaches Retaliate to a compatible Pokémon. (Gen IV: Recycle)
372,Teaches Giga Impact to a compatible Pokémon.
373,Teaches Rock Polish to a compatible Pokémon.
374,Teaches Flash to a compatible Pokémon.
375,Teaches Stone Edge to a compatible Pokémon.
376,Teaches Volt Switch to a compatible Pokémon. (Gen IV: Avalanche)
377,Teaches Thunder Wave to a compatible Pokémon.
378,Teaches Gyro Ball to a compatible Pokémon.
379,Teaches Swords Dance to a compatible Pokémon.
380,Teaches Struggle Bug to a compatible Pokémon. (Gen IV: Stealth Rock)
381,Teaches Psych Up to a compatible Pokémon.
382,Teaches Bulldoze to a compatible Pokémon. (Gen IV: Captivate)
383,Teaches Frost Breath to a compatible Pokémon. (Gen IV: Dark Pulse)
384,Teaches Rock Slide to a compatible Pokémon.
385,Teaches X-Scissor to a compatible Pokémon.
386,Teaches Dragon Tail to a compatible Pokémon. (Gen IV: Sleep Talk)
387,Teaches Work Up to a compatible Pokémon. (Gen IV: Natural Gift)
388,Teaches Poison Jab to a compatible Pokémon.
389,Teaches Dream Eater to a compatible Pokémon.
390,Teaches Grass Knot to a compatible Pokémon.
391,Teaches Swagger to a compatible Pokémon.
392,Teaches Pluck to a compatible Pokémon.
393,Teaches U-turn to a compatible Pokémon.
394,Teaches Substitute to a compatible Pokémon.
395,Teaches Flash Cannon to a compatible Pokémon.
396,Teaches Trick Room to a compatible Pokémon.
397,Teaches Cut to a compatible Pokémon.
398,Teaches Fly to a compatible Pokémon.
399,Teaches Surf to a compatible Pokémon.
400,Teaches Strength to a compatible Pokémon.
401,Teaches Waterfall to a compatible Pokémon. (HS: Whirlpool DPP: Defog Gen III & II & I: Flash)
402,Teaches Dive to a compatible Pokémon. (Gen IV & III: Rock Smash Gen II: Whirlpool)
403,Teaches a move to a compatible Pokémon. (Gen IV & III & II: Waterfall)
404,Teaches a move to a compatible Pokémon. (Gen IV: Rock Climb Gen III: Dive)
405,Allows visiting the Underground.
406,Carries coal mine loot.
407,List of battle types and their rules.
408,Use to track down rare or shiny Pokémon. 50 steps to recharge.
409,Keeps count of Battle Points earned.
410,Records prior significant activities the player took.
411,Stores Seals that can be applied to Poké Ball capsules.
412,Holds Pokémon Accessories for use in Contests.
413,Holds ten Seals for Poké Balls.
414,Use to record Friend Codes and check your own.
415,Grants access to Valley Windworks.
416,Trade to Cynthia's grandmother in Celestic Town for HM04 (Surf).
417,Grants access to Galactic HQ in Veilstone City.
418,Used to bind Palkia and Dialga.
419,Use to see the overworld map.
420,Allows rebattling of on-screen trainers. 100 steps to recharge.
421,Holds coins for the Game Corner.
422,Used to catch Pokémon in bodies of water.
423,Used to catch Pokémon in bodies of water.
424,Used to catch Pokémon in bodies of water.
425,Used to water berries.
426,Holds Poffins.
427,Use for fast transit.
428,Opens a locked building in the Lakeside Resort.
429,"Allows access to Seabreak path, Flower Paradise, and Shaymin."
430,Cures sailor's son of nightmares in Canalave City.
431,Allows access to Newmoon Island and Darkrai.
432,Allows entry into the Hall of Origin. Unreleased.
433,Ticket for a ship. (RSE: S.S. Tidal LF: S.S. Anne HG: S.S. Aqua)
434,Allows participation in Pokémon Contests.
435,Magma is sealed inside.
436,Given to the trainer's rival in Jubilife City. Contains Town Maps.
437,The first of three tickets used to obtain a Pokétch.
438,The second of three tickets used to obtain a Pokétch.
439,The last of three tickets used to obtain a Pokétch.
440,Grants access to the Team Galactic warehouse in Veilstone City.
441,Used to heal the Ampharos at the top of Olivine Lighthouse.
442,"Boosts the damage from Giratina's Dragon-type and Ghost-type moves by 20%, and transforms it into Origin Forme."
443,"Records wireless, Wi-Fi, or Battle Frontier battles, and stores points."
444,Changes an unfrozen Shaymin to Sky Forme in the day.
445,Gen IV: The key to Rotom's appliance room. Gen III: The key to Cinnabar Gym.
446,Holds Apricorns.
447,Allows portable berry growing.
448,Use on Sudowoodo blocking the path on Route 36. Also waters berries.
449,3× effectiveness while fishing. Made from Blu Apricorn.
450,Success rate based off of fraction target Pokémon is of user's Pokémon. Made from Red Apricorn.
451,4× effectiveness on familes of Pokémon with a Moon Stone evolution. Made from Ylw Apricorn.
452,Has flat bonus or penalty to catch rate depending on weight class of target. Made from Blk Apricorn.
453,4× effectiveness on Pokémon with 100 or greater base speed. (Gen II: Roaming or Fleeing Pokémon). Made from Wht Apricorn.
454,Caught Pokémon start with 200 happiness. Made from Grn Apricorn.
455,"8× effectiveness on opposite sex, same species targets of the Active Pokémon. Made from Pnk Apricorn."
456,Catches Pokémon in the Pal Park every time.
457,Tries to catch a Pokémon in the Bug-Catching contest in National Park. (Gen II: Park Ball)
458,Used to make a Level Ball.
459,Used to make a Lure Ball.
460,Used to make a Moon Ball.
461,Used to make a Friend Ball.
462,Used to make a Love Ball.
463,Used to make a Fast Ball.
464,Used to make a Heavy Ball.
465,Use to find hidden items on the field. AKA Itemfinder.
466,HS: Traded for TM64. Gen II & Gen V: Acts as a Potion.
467,Summons Groudon to the Embedded Tower.
468,Summons Kyogre to the Embedded Tower.
469,Summons Rayquaza to the Embedded Tower.
470,S: Summons Latias H: Summons Latios.
471,Keeps track of Unown types caught.
472,Keeps track of points from Buena's show.
473,A tasty tail that sells for a high price.
474,HS: Allows Kimono-girls to summon Ho-oh. C: Summons Suicune to the Tin Tower.
475,HS: Opens doors in the Radio Tower. Gen III: Unlocks Silph Co Doors.
476,HS: Key to the tunnel under Goldenrod City. Gen III: Key to New Mauville.
477,Trade to Mr. Pokémon for an Exp. Share.
478,A Poké Doll lost by the Copycat who lives in Saffron City. Trade for a Pass.
479,Grants access to ride the Magnet Train between Goldenrod City and Saffron City.
480,Must be replaced in the Power Plant to power the Magnet Train.
481,Summons Lugia to the Whirl Islands.
482,Summons Ho-Oh at the top of the Bell Tower.
483,Deliver to Professor Elm.
484,Use to listen to GameBoy era audio.
485,Allows Kimono-girls to summon Lugia.
486,Records the number of times the trainer has come in first place overall in the Pokéathlon.
487,Records the number of times the trainer has come in last place overall in the Pokéathlon.
488,Records the number of times the trainer's Pokémon have dashed in the Pokéathlon.
489,Records the number of times the trainer's Pokémon have jumped in the Pokéathlon.
490,Records the number of times the trainer has come in first in the Pokéathlon Hurdle Dash.
491,Records the number of times the trainer has come in first in the Pokéathlon Relay Run.
492,Records the number of times the trainer has come in first in the Pokéathlon Pennant Capture.
493,Records the number of times the trainer has come in first in the Pokéathlon Block Smash.
494,Records the number of times the trainer has come in first in the Pokéathlon Disc Catch.
495,Records the number of times the trainer has come in first in the Pokéathlon Snow Throw.
496,Records the number of points the trainer has earned in the Pokéathlon.
497,Records the number of times the trainer's Pokémon have messed up in the Pokéathlon.
498,Records the number of times the trainer's Pokémon have defeated themselves in the Pokéathlon.
499,Records the number of times the trainer's Pokémon have tackled in the Pokéathlon.
500,Records the number of times the trainer's Pokémon have fallen in the Pokéathlon.
501,Records the number of times the trainer has come in first in the Pokéathlon Ring Drop.
502,Records the number of times the trainer has come in first in the Pokéathlon Lamp Jump.
503,Records the number of times the trainer has come in first in the Pokéathlon Circle Push.
504,Records the number of times the trainer has come in first place overall in the Pokéathlon over wirelss.
505,Records the number of times the trainer has come in last place overall in the Pokéathlon over wireless.
506,Records the number of times the trainer has come in first across all Pokéathlon events.
507,Records the number of times the trainer has come in last across all Pokéathlon events.
508,Records the number of times the trainer has switched Pokémon in the Pokéathlon.
509,Records the number of times the trainer has come in first in the Pokéathlon Goal Roll.
510,Records the number of times the trainer's Pokémon received prizes in the Pokéathlon.
511,Records the number of times the trainer has instructed Pokémon in the Pokéathlon.
512,Records the total time spent in the Pokéathlon.
513,Contains TM95 (Snarl).
514,Stores photos from your adventure.
515,Lets a Trainer write a message and send it via Pokémon trade.
516,Lets a Trainer write a message and send it via Pokémon trade.
517,Lets a Trainer write a message and send it via Pokémon trade.
518,Lets a Trainer write a message and send it via Pokémon trade.
519,Lets a Trainer write a message and send it via Pokémon trade.
520,Lets a Trainer write a message and send it via Pokémon trade.
521,Lets a Trainer write a message and send it via Pokémon trade.
522,Lets a Trainer write a message and send it via Pokémon trade.
523,Lets a Trainer write a message and send it via Pokémon trade.
524,Lets a Trainer write a message and send it via Pokémon trade.
525,Lets a Trainer write a message and send it via Pokémon trade.
526,Lets a Trainer write a message and send it via Pokémon trade.
527,"Faster than the Acro Bike, and can ride up sandy slopes and across cracked floors."
528,"More maneuverable than the Mach Bike, and allows hopping along rails."
529,Used to water berries.
530,Contains mechanical parts to be delivered to Captain Stern.
531,Stores volcanic ash from Route 113.
532,Holds Pokéblocks.
533,A letter to Steven from the Devon Corp president.
534,Provides access to Southern Island and Latias or Latios.
535,Trade to Captain Stern for a DeepSeaTooth or DeepSeaScale.
536,Allows passage through windy deserts.
537,FL: Deliver to Lostelle's father. RSE: Trade to Professor Cozmo for TM27 (Return).
538,Unlocks room 1 on the Abandoned Ship.
539,Unlocks room 2 on the Abandoned Ship.
540,Unlocks room 4 on the Abandoned Ship.
541,Unlocks room 6 on the Abandoned Ship.
542,Allows spotting of invisible Kecleon.
543,Trade to Prof. Oak for a Pokédex.
544,"Use to awaken sleeping Pokémon, including Snorlax on roads."
545,Trade in Cerulean bike shop for a Bicycle.
546,The Safari Zone Warden's dentures. Trade for HM04 (Strength).
547,Operates the elevator in Team Rocket's Celadon Hideout.
548,Used to identify the true forms of ghosts in Pokémon Tower.
549,Records information about NPCs.
550,Holds TMs.
551,Holds berries.
552,Teachers basic trainer advice.
553,Grants access to the first three Sevii Islands.
554,Grants access to all of the Sevii Islands.
555,Grants access to Saffron City.
556,Allows access to Navel Rock and Lugia or Ho-oh.
557,Allows access to Birth Island and Deoxys.
558,Stores Berry Powder made using a Berry Crusher.
559,Give to Celio with Sapphire to activate Network Machine and get Rainbow Pass.
560,Give to Celio with Ruby to activate Network Machine and get Rainbow Pass.
561,Provides access to the Team Magma Hideout in the Jagged Pass.
562,Allows access to Faraway Island and Mew. Unreleased outside of Japan.
563,"Grants Genesect a blue, Water-type Techno Blast."
564,"Grants Genesect a yellow, Electric-type Techno Blast."
565,"Grants Genesect a red, Fire-type Techno Blast."
566,"Grants Genesect a white, Ice-type Techno Blast."
567,Restores 20 HP.
568,Lets a Trainer write a message and send it via Pokémon trade.
569,Lets a Trainer write a message and send it via Pokémon trade.
570,Lets a Trainer write a message and send it via Pokémon trade.
571,Lets a Trainer write a message and send it via Pokémon trade.
572,Lets a Trainer write a message and send it via Pokémon trade.
573,Lets a Trainer write a message and send it via Pokémon trade.
574,Lets a Trainer write a message and send it via Pokémon trade.
575,Lets a Trainer write a message and send it via Pokémon trade.
576,Lets a Trainer write a message and send it via Pokémon trade.
577,Lets a Trainer write a message and send it via Pokémon trade.
578,Lets a Trainer write a message and send it via Pokémon trade.
579,Lets a Trainer write a message and send it via Pokémon trade.
580,Traded on a Feebas: Holder evolves into Milotic.
581,"Held: Holder has 1.5× Defense and Special Defense, as long as it's not fully evolved."
582,Held: Holder has 0.5× weight.
583,"Held: When the holder is hit by a contact move, the attacking Pokémon takes 1/6 its max HP in damage."
584,"Held: Grants immunity to Ground-type moves, Spikes, and Toxic Spikes. Consumed when the holder takes damage from a move."
585,"Held: When the holder takes damage from a move, the opponent switches out for another random party Pokémon. Consumed after use."
586,Held: Negates the holder's type immunities. Ability immunities are not removed.
587,Held: Doubles the per-turn damage of multi-turn trapping moves.
588,Held: Raises the holder's Special Attack by one stage when it takes Water-type damage.
589,Held: Raises the holder's Attack by one stage when it takes Electric-type damage.
590,"Held: When the holder takes damage from a move, it switches out for a party Pokémon of the Trainer's choice."
591,"Held: When the holder uses a damaging []{type:fire}-type move, the move has 1.5× power and this item is consumed."
592,"Held: When the holder uses a damaging []{type:water}-type move, the move has 1.5× power and this item is consumed."
593,"Held: When the holder uses a damaging []{type:electric}-type move, the move has 1.5× power and this item is consumed."
594,"Held: When the holder uses a damaging []{type:grass}-type move, the move has 1.5× power and this item is consumed."
595,"Held: When the holder uses a damaging []{type:ice}-type move, the move has 1.5× power and this item is consumed."
596,"Held: When the holder uses a damaging []{type:fighting}-type move, the move has 1.5× power and this item is consumed."
597,"Held: When the holder uses a damaging []{type:poison}-type move, the move has 1.5× power and this item is consumed."
598,"Held: When the holder uses a damaging []{type:ground}-type move, the move has 1.5× power and this item is consumed."
599,"Held: When the holder uses a damaging []{type:flying}-type move, the move has 1.5× power and this item is consumed."
600,"Held: When the holder uses a damaging []{type:psychic}-type move, the move has 1.5× power and this item is consumed."
601,"Held: When the holder uses a damaging []{type:bug}-type move, the move has 1.5× power and this item is consumed."
602,"Held: When the holder uses a damaging []{type:rock}-type move, the move has 1.5× power and this item is consumed."
603,"Held: When the holder uses a damaging []{type:ghost}-type move, the move has 1.5× power and this item is consumed."
604,"Held: When the holder uses a damaging []{type:dark}-type move, the move has 1.5× power and this item is consumed."
605,"Held: When the holder uses a damaging []{type:steel}-type move, the move has 1.5× power and this item is consumed."
606,Increases [HP]{mechanic:hp} [effort]{mechanic:effort} by 1.
607,Increases [Attack]{mechanic:attack} [effort]{mechanic:effort} by 1.
608,Increases [Defense]{mechanic:defense} [effort]{mechanic:effort} by 1.
609,Increases [Special Attack]{mechanic:special-attack} [effort]{mechanic:effort} by 1.
610,Increases [Special Defense]{mechanic:special-defense} [effort]{mechanic:effort} by 1.
611,Increases [Speed]{mechanic:speed} [effort]{mechanic:effort} by 1.
612,Sell for 100 Pokédollars.
613,Can be revived into a []{pokemon:tirtouga}.
614,Can be revived into a []{pokemon:archen}.
615,Allows access to Liberty Garden and Victini.
616,Activates Pass Powers.
617,Catches Pokémon found in the Dream World.
618,Ends a wild battle.
619,Stores props for the Pokémon Musical.
620,Return to the museum in Nacrene City.
621,Sell to Hungry Maid for 25000 Pokédollars.
622,Sell to Ore Collector for 30000 Pokédollars.
623,Sell to Ore Collector for 25000 Pokédollars.
624,Sell to Ore Collector for 60000 Pokédollars.
625,Sell to Villa Owner for 1000 Pokédollars.
626,Sell to Villa Owner 5000 Pokédollars.
627,Sell to Villa Owner 10000 Pokédollars.
628,Sell to Villa Owner 50000 Pokédollars.
629,Sell to Villa Owner for 100000 Pokédollars.
630,Sell to Villa Owner 200000 Pokédollars.
631,Sell to Villa Owner for 300000 Pokédollars.
632,Cures any status ailment and confusion.
633,Raises [critical hit]{mechanic:critical-hit} rate by two [stages]{mechanic:stage} in battle.  Wonder Launcher only.
634,Raises [Speed]{mechanic:speed} by two [stages]{mechanic:stage} in battle.  Wonder Launcher only.
635,Raises [Special Attack]{mechanic:special-attack} by two [stages]{mechanic:stage} in battle.  Wonder Launcher only.
636,Raises [Special Defense]{mechanic:special-defense} by two [stages]{mechanic:stage} in battle.  Wonder Launcher only.
637,Raises [Defense]{mechanic:defense} by two [stages]{mechanic:stage} in battle.  Wonder Launcher only.
638,Raises [Attack]{mechanic:attack} by two [stages]{mechanic:stage} in battle.  Wonder Launcher only.
639,Raises [accuracy]{mechanic:accuracy} by two [stages]{mechanic:stage} in battle.  Wonder Launcher only.
640,Raises [Speed]{mechanic:speed} by three [stages]{mechanic:stage} in battle.  Wonder Launcher only.
641,Raises [Special Attack]{mechanic:special-attack} by three [stages]{mechanic:stage} in battle.  Wonder Launcher only.
642,Raises [Special Defense]{mechanic:special-defense} by three [stages]{mechanic:stage} in battle.  Wonder Launcher only.
643,Raises [Defense]{mechanic:defense} by three [stages]{mechanic:stage} in battle.  Wonder Launcher only.
644,Raises [Attack]{mechanic:attack} by three [stages]{mechanic:stage} in battle.  Wonder Launcher only.
645,Raises [accuracy]{mechanic:accuracy} by three [stages]{mechanic:stage} in battle.  Wonder Launcher only.
646,Raises [Speed]{mechanic:speed} by six [stages]{mechanic:stage} in battle.  Wonder Launcher only.
647,Raises [Special Attack]{mechanic:special-attack} by six [stages]{mechanic:stage} in battle.  Wonder Launcher only.
648,Raises [Special Defense]{mechanic:special-defense} by six [stages]{mechanic:stage} in battle.  Wonder Launcher only.
649,Raises [Defense]{mechanic:defense} by six [stages]{mechanic:stage} in battle.  Wonder Launcher only.
650,Raises [Attack]{mechanic:attack} by six [stages]{mechanic:stage} in battle.  Wonder Launcher only.
651,Raises [accuracy]{mechanic:accuracy} by six [stages]{mechanic:stage} in battle.  Wonder Launcher only.
652,Forcibly activates a friendly Pokémon's ability.
653,Forces a friendly Pokémon to drop its held item.
654,Forcibly activates a friendly Pokémon's held item.
655,Resets a friendly Pokémon's stat changes.
656,Raises [critical hit]{mechanic:critical-hit} rate by three [stages]{mechanic:stage} in battle.  Wonder Launcher only.
657,Summons Reshiram for the final battle against N.
658,Summons Zekrom for the final battle against N.
659,Teaches Wild Charge to a compatible Pokémon.
660,Teaches Rock Smash to a compatible Pokémon.
661,Teaches Snarl to a compatible Pokémon.
662,Makes four-way video calls.
663,Unknown.  Currently unused.
664,Part of a sidequest to obtain []{item:tm89}.
665,Part of a sidequest to obtain []{item:tm89}.
666,Part of a sidequest to obtain []{item:tm89}.
668,"Held: When the holder uses a damaging []{type:dragon}-type move, the move has 1.5× power and this item is consumed."
669,"Held: When the holder uses a damaging []{type:normal}-type move, the move has 1.5× power and this item is consumed."
670,Holds medals recieved in the medal rally.
671,"Fuses Kyurem with Reshiram or Zekrom, or splits them apart again."
673,Grants access to the Nature Preserve.
674,Doubles the chance of two Pokémon producing an egg at the daycare every 255 steps.
675,Raises the chance of finding a shiny Pokémon.
676,Required to progress in the Plasma Frigate.
677,Appears in the Café Warehouse on Sunday; return to the customer with a Patrat on Thursday.
678,Wakes up the Crustle blocking the way in Seaside Cave.
679,Returned to Curtis or Yancy as part of a sidequest.
681,"Switches Tornadus, Thundurus, and Landorus between Incarnate and Therian Forme."
682,"Held: When the holder is hit by a super effective move, its Attack and Special Attack raise by two stages."
683,Raises the holder's Special Defense to 1.5×.  Prevents the holder from selecting a status move.
684,Held: Fairy-Type moves from holder do 20% more damage. Changes Arceus's and Judgment's type to Fairy.
685,Switches a Pokémon between its two possible (non-Hidden) Abilities.
686,Traded on a Swirlix: Holder evolves into Slurpuff.
687,Traded on a Spritzee: Holder evolves into Aromatisse.
688,"Held: If the holder is hit by a damaging Water move, raises its Special Defense by one stage."
689,"Held: If the holder is hit by a damaging Ice move, raises its Attack by one stage."
690,Held: Prevents damage from powder moves and the damage from Hail and Sandstorm.
691,Increases the total number of Berries by 2.
692,Increases the chance of Berry mutation.
693,Causes soil to dry out in 4 hours.
694,"Increases the total number of Berries by 2, increases the chance of Berry mutation, and causes soil to dry out in 4 hours."
695,Held: Allows Gengar to Mega Evolve into Mega Gengar.
696,Held: Allows Gardevoir to Mega Evolve into Mega Gardevoir.
697,Held: Allows Ampharos to Mega Evolve into Mega Ampharos.
698,Held: Allows Venusaur to Mega Evolve into Mega Venusaur.
699,Held: Allows Charizard to Mega Evolve into Mega Charizard X.
700,Held: Allows Blastoise to Mega Evolve into Mega Blastoise.
701,Held: Allows Mewtwo to Mega Evolve into Mega Mewtwo X.
702,Held: Allows Mewtwo to Mega Evolve into Mega Mewtwo Y.
703,Held: Allows Blaziken to Mega Evolve into Mega Blaziken.
704,Held: Allows Medicham to Mega Evolve into Mega Medicham.
705,Held: Allows Houndoom to Mega Evolve into Mega Houndoom.
706,Held: Allows Aggron to Mega Evolve into Mega Aggron.
707,Held: Allows Banette to Mega Evolve into Mega Banette.
708,Held: Allows Tyranitar to Mega Evolve into Mega Tyranitar.
709,Held: Allows Scizor to Mega Evolve into Mega Scizor.
710,Held: Allows Pinsir to Mega Evolve into Mega Pinsir.
711,Held: Allows Aerodactyl to Mega Evolve into Mega Aerodactyl.
712,Held: Allows Lucario to Mega Evolve into Mega Lucario.
713,Held: Allows Abomasnow to Mega Evolve into Mega Abomasnow.
714,Held: Allows Kangaskhan to Mega Evolve into Mega Kangaskhan.
715,Held: Allows Gyarados to Mega Evolve into Mega Gyarados.
716,Held: Allows Absol to Mega Evolve into Mega Absol.
717,Held: Allows Charizard to Mega Evolve into Mega Charizard Y.
718,Held: Allows Alakazam to Mega Evolve into Mega Alakazam.
719,Held: Allows Heracross to Mega Evolve into Mega Heracross.
720,Held: Allows Mawile to Mega Evolve into Mega Mawile.
721,Held: Allows Manectric to Mega Evolve into Mega Manectric.
722,Held: Allows Garchomp to Mega Evolve into Mega Garchomp.
723,Held: Consumed when struck by a super-effective Fairy-type attack to halve the damage.
724,"Held: When the holder is hit by a physical move, increases its Defense by one stage."
725,"Held: When the holder is hit by a special move, increases its Special Defense by one stage."
726,Can be used at a boutique for a 50% discount.  Consumed once used.
727,Vendor trash.
728,Cures all major status ailments and confusion.
729,Can be revived into a Tyrunt.
730,Can be revived into an Amaura.
731,"Held: When the holder uses a damaging Fairy move, the move has 1.5× power and this item is consumed."
732,Contains basic gameplay information.
733,Unlocks the elevator in Lysandre Labs.
734,Displays cutscene conversations as the plot advances.
735,"Does nothing, but signifies becoming Champion."
736,"Trade for a Sun Stone in X and Y, or Pidgeotite in Omega Ruby and Alpha Sapphire."
737,Allows the player to change their eye color.
738,Advances the Looker postgame plot.
739,Allows the player's Pokémon to Mega Evolve.
740,Permits entry to the Kalos Power Plant.
741,Traded to the player's mom for the Town Map and a Potion.
742,Allows the player to move quickly and off the grid.
743,Waters Berry plants.
744,Permits access to Kiloude City.
745,Teaches a Pokémon TM96.
746,Teaches a Pokémon TM97.
747,Teaches a Pokémon TM98.
748,Teaches a Pokémon TM99.
749,Teaches a Pokémon TM100.
760,Held: Allows Latias to Mega Evolve into Mega Latias.
761,Held: Allows Latios to Mega Evolve into Mega Latios.
762,Unknown.
763,Allows the player to change their lipstick color.
764,"Unobtainable, but allows the player to change clothes anywhere."
765,Cures any major status ailment and confusion.
768,Unused Key Stone.
769,Unused NPC Key Stone.
770,Allows Captain Stern to set out on his expedition.
772,Creates and stores Pokéblocks.
773,Unlocks the door to Room 1 in Sea Mauville.
774,Unlocks the door to Room 2 in Sea Mauville.
775,Unlocks the door to Room 4 in Sea Mauville.
776,Unlocks the door to Room 6 in Sea Mauville.
779,Worn by the player while underwater.
780,Worn during Pokémon Contests.
782,Allows the player to ride Groudon in the Cave of Origin.
783,Allows the player to ride Kyogre in the Cave of Origin.
784,Allows the player and their mother to see the star show in the Mossdeep Space Center.
785,Allows the player's Pokémon to Mega Evolve.
786,Unused NPC Key Stone.
787,Unused NPC Key Stone.
788,Unused NPC Key Stone.
789,Unused NPC Key Stone.
790,Unused NPC Key Stone.
791,Unused NPC Key Stone.
793,Held: Allows Swampert to Mega Evolve into Mega Swampert.
794,Held: Allows Sceptile to Mega Evolve into Mega Sceptile.
795,Held: Allows Sableye to Mega Evolve into Mega Sableye.
796,Held: Allows Altaria to Mega Evolve into Mega Altaria.
797,Held: Allows Gallade to Mega Evolve into Mega Gallade.
798,Held: Allows Audino to Mega Evolve into Mega Audino.
799,Held: Allows Metagross to Mega Evolve into Mega Metagross.
800,Held: Allows Sharpedo to Mega Evolve into Mega Sharpedo.
801,Held: Allows Slowbro to Mega Evolve into Mega Slowbro.
802,Held: Allows Steelix to Mega Evolve into Mega Steelix.
803,Held: Allows Pidgeot to Mega Evolve into Mega Pidgeot.
804,Held: Allows Glalie to Mega Evolve into Mega Glalie.
805,Held: Allows Diancie to Mega Evolve into Mega Diancie.
806,Transforms Hoopa into its Unbound form for up to three days.
807,Unused Key Stone.
808,Held: Allows Camerupt to Mega Evolve into Mega Camerupt.
809,Held: Allows Lopunny to Mega Evolve into Mega Lopunny.
810,Held: Allows Salamence to Mega Evolve into Mega Salamence.
811,Held: Allows Beedrill to Mega Evolve into Mega Beedrill.
814,Allows the player's Pokémon to Mega Evolve.
815,"Causes the Meteorite to transform to its final form, allowing Rayquaza to Mega Evolve."
816,Summons Latias or Latios for a ride.
817,Held: Allows a Pokémon to use the Z-move equivalents of its Normal moves.
818,Held: Allows a Pokémon to use the Z-move equivalents of its Fire moves.
819,Held: Allows a Pokémon to use the Z-move equivalents of its Water moves.
820,Held: Allows a Pokémon to use the Z-move equivalents of its Electric moves.
821,Held: Allows a Pokémon to use the Z-move equivalents of its Grass moves.
822,Held: Allows a Pokémon to use the Z-move equivalents of its Ice moves.
823,Held: Allows a Pokémon to use the Z-move equivalents of its Fighting moves.
824,Held: Allows a Pokémon to use the Z-move equivalents of its Poison moves.
825,Held: Allows a Pokémon to use the Z-move equivalents of its Ground moves.
826,Held: Allows a Pokémon to use the Z-move equivalents of its Flying moves.
827,Held: Allows a Pokémon to use the Z-move equivalents of its Psychic moves.
828,Held: Allows a Pokémon to use the Z-move equivalents of its Bug moves.
829,Held: Allows a Pokémon to use the Z-move equivalents of its Rock moves.
830,Held: Allows a Pokémon to use the Z-move equivalents of its Ghost moves.
831,Held: Allows a Pokémon to use the Z-move equivalents of its Dragon moves.
832,Held: Allows a Pokémon to use the Z-move equivalents of its Dark moves.
833,Held: Allows a Pokémon to use the Z-move equivalents of its Steel moves.
834,Held: Allows a Pokémon to use the Z-move equivalents of its Fairy moves.
835,Held: Allows Pikachu to upgrade Volt Tackle into Catastropika.
836,Trade to Mr. Hyper to maximize one of a Pokémon's genes.
837,Trade to Mr. Hyper to maximize all of a Pokémon's genes.
838,Allows the player's Pokémon to use Z-moves.
839,Held: Allows Decidueye to upgrade Spirit Shackle into Sinister Arrow Raid.
840,Held: Allows Incineroar to upgrade Darkest Lariat into Malicious Moonsault.
841,Held: Allows Primarina to upgrade Sparkling Aria into Oceanic Operetta.
842,Held: Allows the Tapus to upgrade Nature's Madness into Guardian of Alola.
843,Held: Allows Marshadow to upgrade Spectral Thief into Soul-Stealing 7 Star Strike.
844,Held: Allows Alola Raichu to upgrade Thunderbolt into Stoked Sparksurfer.
845,Held: Allows Snorlax to upgrade Giga Impact into Pulverizing Pancake.
846,Held: Allows Eevee to upgrade Last Resort into Extreme Evoboost.
847,Held: Allows Mew to upgrade Psychic into Genesis Supernova.
877,"Held: Allows cap-wearing Pikachu to upgrade Thunderbolt into 10,000,000 Volt Thunderbolt."
878,Holds ingredients during Mallow's trial.
879,Allows the player to fish for Pokémon.
880,Lost by Professor Kukui.
881,Hosts a mission in Festival Plaza.
882,Required to obtain a Z-Ring.
883,Makes wild Pokémon more likely to summon allies.  Held: increases the holder's Speed by one stage when affected by Intimidate.
884,Contains collected Zygarde cells/cores.  Can teach Zygarde moves.
885,Evolves an Alola Sandshrew into Alola Sandslash or an Alola Vulpix into Alola Ninetales.
886,Allows the player to summon a Ride Pokémon.
887,Tries to catch a wild Pokémon.  Success rate is 5× for Ultra Beasts and 0.1× for all other Pokémon.
888,Cures major status ailments and confusion.
889,Changes Oricorio to Baile Style.
890,Changes Oricorio to Pom-Pom Style.
891,Changes Oricorio to Pa’u Style.
892,Changes Oricorio to Sensu Style.
893,Evolves Nebby into Solgaleo when used at the Altar of the Sunne.
894,Evolves Nebby into Lunala when used at the Altar of the Moone.
895,Unlocks Looker's motel room on Route 8.
896,Held: Extends the holder's Terrain effects to 8 turns.
897,Held: Prevents side effects of contact moves used on the holder.
898,Held: Consumed on Electric Terrain and raises the holder's Defense by one stage.
899,Held: Consumed on Psychic Terrain and raises the holder's Special Defense by one stage.
900,Held: Consumed on Misty Terrain and raises the holder's Special Defense by one stage.
901,Held: Consumed on Grassy Terrain and raises the holder's Defense by one stage.
902,Held: Changes Silvally to its Fighting form.  Changes Multi-Attack's type to Fighting.
903,Held: Changes Silvally to its Flying form.  Changes Multi-Attack's type to Flying.
904,Held: Changes Silvally to its Poison form.  Changes Multi-Attack's type to Poison.
905,Held: Changes Silvally to its Ground form.  Changes Multi-Attack's type to Ground.
906,Held: Changes Silvally to its Rock form.  Changes Multi-Attack's type to Rock.
907,Held: Changes Silvally to its Bug form.  Changes Multi-Attack's type to Bug.
908,Held: Changes Silvally to its Ghost form.  Changes Multi-Attack's type to Ghost.
909,Held: Changes Silvally to its Steel form.  Changes Multi-Attack's type to Steel.
910,Held: Changes Silvally to its Fire form.  Changes Multi-Attack's type to Fire.
911,Held: Changes Silvally to its Water form.  Changes Multi-Attack's type to Water.
912,Held: Changes Silvally to its Grass form.  Changes Multi-Attack's type to Grass.
913,Held: Changes Silvally to its Electric form.  Changes Multi-Attack's type to Electric.
914,Held: Changes Silvally to its Psychic form.  Changes Multi-Attack's type to Psychic.
915,Held: Changes Silvally to its Ice form.  Changes Multi-Attack's type to Ice.
916,Held: Changes Silvally to its Dragon form.  Changes Multi-Attack's type to Dragon.
917,Held: Changes Silvally to its Dark form.  Changes Multi-Attack's type to Dark.
918,Held: Changes Silvally to its Fairy form.  Changes Multi-Attack's type to Fairy.
919,XXX new effect for bike--green
920,XXX new effect for storage-key--galactic-warehouse
921,XXX new effect for basement-key--goldenrod
922,XXX new effect for xtranceiver--red
923,XXX new effect for xtranceiver--yellow
924,XXX new effect for dna-splicers--merge
925,XXX new effect for dna-splicers--split
926,XXX new effect for dropped-item--red
927,XXX new effect for dropped-item--yellow
928,XXX new effect for holo-caster--green
929,XXX new effect for bike--yellow
930,XXX new effect for holo-caster--red
931,XXX new effect for basement-key--new-mauville
932,XXX new effect for storage-key--sea-mauville
933,XXX new effect for ss-ticket--hoenn
934,XXX new effect for contest-costume--dress
935,XXX new effect for meteorite--2
936,XXX new effect for meteorite--3
937,XXX new effect for meteorite--4
938,XXX new effect for normalium-z--bag
939,XXX new effect for firium-z--bag
940,XXX new effect for waterium-z--bag
941,XXX new effect for electrium-z--bag
942,XXX new effect for grassium-z--bag
943,XXX new effect for icium-z--bag
944,XXX new effect for fightinium-z--bag
945,XXX new effect for poisonium-z--bag
946,XXX new effect for groundium-z--bag
947,XXX new effect for flyinium-z--bag
948,XXX new effect for psychium-z--bag
949,XXX new effect for buginium-z--bag
950,XXX new effect for rockium-z--bag
951,XXX new effect for ghostium-z--bag
952,XXX new effect for dragonium-z--bag
953,XXX new effect for darkinium-z--bag
954,XXX new effect for steelium-z--bag
955,XXX new effect for fairium-z--bag
956,XXX new effect for pikanium-z--bag
957,XXX new effect for decidium-z--bag
958,XXX new effect for incinium-z--bag
959,XXX new effect for primarium-z--bag
960,XXX new effect for tapunium-z--bag
961,XXX new effect for marshadium-z--bag
962,XXX new effect for aloraichium-z--bag
963,XXX new effect for snorlium-z--bag
964,XXX new effect for eevium-z--bag
965,XXX new effect for mewnium-z--bag
966,XXX new effect for pikashunium-z--bag
967,XXX new effect for solganium-z--held
968,XXX new effect for lunalium-z--held
969,XXX new effect for ultranecrozium-z--held
970,XXX new effect for mimikium-z--held
971,XXX new effect for lycanium-z--held
972,XXX new effect for kommonium-z--held
973,XXX new effect for solganium-z--bag
974,XXX new effect for lunalium-z--bag
975,XXX new effect for ultranecrozium-z--bag
976,XXX new effect for mimikium-z--bag
977,XXX new effect for lycanium-z--bag
978,XXX new effect for kommonium-z--bag
979,XXX new effect for z-power-ring
980,XXX new effect for pink-petal
981,XXX new effect for orange-petal
982,XXX new effect for blue-petal
983,XXX new effect for red-petal
984,XXX new effect for green-petal
985,XXX new effect for yellow-petal
986,XXX new effect for purple-petal
987,XXX new effect for rainbow-flower
988,XXX new effect for surge-badge
989,XXX new effect for n-solarizer--merge
990,XXX new effect for n-lunarizer--merge
991,XXX new effect for n-solarizer--split
992,XXX new effect for n-lunarizer--split
993,XXX new effect for ilimas-normalium-z
994,XXX new effect for left-poke-ball
995,XXX new effect for roto-hatch
996,XXX new effect for roto-bargain
997,XXX new effect for roto-prize-money
998,XXX new effect for roto-exp-points
999,XXX new effect for roto-friendship
1000,XXX new effect for roto-encounter
1001,XXX new effect for roto-stealth
1002,XXX new effect for roto-hp-restore
1003,XXX new effect for roto-pp-restore
1004,XXX new effect for roto-boost
1005,XXX new effect for roto-catch